{
  "cluePoints": [
    {
      "x": 1,
      "y": 2,
      "magnitude": 2.236068,
      "sqrMagnitude": 5
    },
    {
      "x": 1,
      "y": 4,
      "magnitude": 4.12310553,
      "sqrMagnitude": 17
    },
    {
      "x": 2,
      "y": 1,
      "magnitude": 2.236068,
      "sqrMagnitude": 5
    },
    {
      "x": 2,
      "y": 2,
      "magnitude": 2.828427,
      "sqrMagnitude": 8
    },
    {
      "x": 3,
      "y": 0,
      "magnitude": 3.0,
      "sqrMagnitude": 9
    },
    {
      "x": 3,
      "y": 1,
      "magnitude": 3.1622777,
      "sqrMagnitude": 10
    },
    {
      "x": 3,
      "y": 3,
      "magnitude": 4.2426405,
      "sqrMagnitude": 18
    },
    {
      "x": 4,
      "y": 2,
      "magnitude": 4.472136,
      "sqrMagnitude": 20
    },
    {
      "x": 4,
      "y": 4,
      "magnitude": 5.656854,
      "sqrMagnitude": 32
    }
  ],
  "clueSprites": [
    "Shapes_18",
    "Shapes_17",
    "Shapes_18",
    "Shapes_19",
    "Shapes_18",
    "Shapes_19",
    "Shapes_17",
    "Shapes_16",
    "Shapes_18"
  ],
  "questionMarkPoint": {
    "x": 2,
    "y": 0,
    "magnitude": 2.0,
    "sqrMagnitude": 4
  },
  "correctSpriteName": "Shapes_17"
}