{
  "cluePoints": [
    {
      "x": 0,
      "y": 1,
      "magnitude": 1.0,
      "sqrMagnitude": 1
    },
    {
      "x": 0,
      "y": 2,
      "magnitude": 2.0,
      "sqrMagnitude": 4
    },
    {
      "x": 1,
      "y": 0,
      "magnitude": 1.0,
      "sqrMagnitude": 1
    },
    {
      "x": 2,
      "y": 1,
      "magnitude": 2.236068,
      "sqrMagnitude": 5
    },
    {
      "x": 2,
      "y": 3,
      "magnitude": 3.60555124,
      "sqrMagnitude": 13
    }
  ],
  "clueSprites": [
    "Shapes_16",
    "Shapes_17",
    "Shapes_16",
    "Shapes_18",
    "Shapes_16"
  ],
  "questionMarkPoint": {
    "x": 2,
    "y": 2,
    "magnitude": 2.828427,
    "sqrMagnitude": 8
  },
  "correctSpriteName": "Shapes_15"
}