{
  "cluePoints": [
    {
      "x": 0,
      "y": 0,
      "magnitude": 0.0,
      "sqrMagnitude": 0
    },
    {
      "x": 1,
      "y": 1,
      "magnitude": 1.41421354,
      "sqrMagnitude": 2
    },
    {
      "x": 1,
      "y": 2,
      "magnitude": 2.236068,
      "sqrMagnitude": 5
    },
    {
      "x": 1,
      "y": 3,
      "magnitude": 3.1622777,
      "sqrMagnitude": 10
    },
    {
      "x": 1,
      "y": 4,
      "magnitude": 4.12310553,
      "sqrMagnitude": 17
    },
    {
      "x": 2,
      "y": 2,
      "magnitude": 2.828427,
      "sqrMagnitude": 8
    },
    {
      "x": 2,
      "y": 3,
      "magnitude": 3.60555124,
      "sqrMagnitude": 13
    },
    {
      "x": 4,
      "y": 1,
      "magnitude": 4.12310553,
      "sqrMagnitude": 17
    },
    {
      "x": 4,
      "y": 4,
      "magnitude": 5.656854,
      "sqrMagnitude": 32
    }
  ],
  "clueSprites": [
    "Shapes_15",
    "Shapes_15",
    "Shapes_18",
    "Shapes_19",
    "Shapes_17",
    "Shapes_19",
    "Shapes_16",
    "Shapes_17",
    "Shapes_18"
  ],
  "questionMarkPoint": {
    "x": 4,
    "y": 0,
    "magnitude": 4.0,
    "sqrMagnitude": 16
  },
  "correctSpriteName": "Shapes_19"
}