{
  "cluePoints": [
    {
      "x": 0,
      "y": 0,
      "magnitude": 0.0,
      "sqrMagnitude": 0
    },
    {
      "x": 0,
      "y": 1,
      "magnitude": 1.0,
      "sqrMagnitude": 1
    },
    {
      "x": 2,
      "y": 2,
      "magnitude": 2.828427,
      "sqrMagnitude": 8
    },
    {
      "x": 2,
      "y": 3,
      "magnitude": 3.60555124,
      "sqrMagnitude": 13
    },
    {
      "x": 3,
      "y": 1,
      "magnitude": 3.1622777,
      "sqrMagnitude": 10
    },
    {
      "x": 3,
      "y": 2,
      "magnitude": 3.60555124,
      "sqrMagnitude": 13
    }
  ],
  "clueSprites": [
    "Shapes_15",
    "Shapes_16",
    "Shapes_15",
    "Shapes_16",
    "Shapes_17",
    "Shapes_16"
  ],
  "questionMarkPoint": {
    "x": 1,
    "y": 0,
    "magnitude": 1.0,
    "sqrMagnitude": 1
  },
  "correctSpriteName": "Shapes_16"
}