{
  "cluePoints": [
    { "x": 0, "y": 2, "magnitude": 1.0, "sqrMagnitude": 1 },
    { "x": 0, "y": 4, "magnitude": 1.0, "sqrMagnitude": 1 },
       { "x": 1, "y": 2, "magnitude": 3.1622777, "sqrMagnitude": 10 },
    { "x": 2, "y": 2, "magnitude": 1.0, "sqrMagnitude": 1 },
    { "x": 2, "y": 3, "magnitude": 3.0, "sqrMagnitude": 9 },
    { "x": 3, "y": 0, "magnitude": 3.60555124, "sqrMagnitude": 13 },
    { "x": 3, "y": 2, "magnitude": 4.2426405, "sqrMagnitude": 18 },
    { "x": 4, "y": 1, "magnitude": 4.472136, "sqrMagnitude": 20 }
  ],
  "clueSprites": [
    "Shapes_16", "Shapes_17",
    "Shapes_15", "Shapes_19",
    "Shapes_18", "Shapes_17", "Shapes_18"
, "Shapes_16"
  ],
  "questionMarkPoint": {
    "x": 1, "y": 3,
    "magnitude": 3.0,
    "sqrMagnitude": 9
  },
  "correctSpriteName": "Shapes_17"
}
