{
  "cluePoints": [
    {
      "x": 0,
      "y": 1,
      "magnitude": 1.0,
      "sqrMagnitude": 1
    },
    {
      "x": 0,
      "y": 2,
      "magnitude": 2.0,
      "sqrMagnitude": 4
    },
    {
      "x": 1,
      "y": 0,
      "magnitude": 1.0,
      "sqrMagnitude": 1
    },
    {
      "x": 1,
      "y": 1,
      "magnitude": 1.41421354,
      "sqrMagnitude": 2
    },
    {
      "x": 2,
      "y": 0,
      "magnitude": 2.0,
      "sqrMagnitude": 4
    },
    {
      "x": 3,
      "y": 3,
      "magnitude": 4.2426405,
      "sqrMagnitude": 18
    },
    {
      "x": 4,
      "y": 0,
      "magnitude": 4.0,
      "sqrMagnitude": 16
    },
    {
      "x": 4,
      "y": 3,
      "magnitude": 5.0,
      "sqrMagnitude": 25
    },
    {
      "x": 4,
      "y": 4,
      "magnitude": 5.656854,
      "sqrMagnitude": 32
    }
  ],
  "clueSprites": [
    "Shapes_16",
    "Shapes_17",
    "Shapes_16",
    "Shapes_15",
    "Shapes_17",
    "Shapes_17",
    "Shapes_19",
    "Shapes_15",
    "Shapes_18"
  ],
  "questionMarkPoint": {
    "x": 1,
    "y": 4,
    "magnitude": 4.12310553,
    "sqrMagnitude": 17
  },
  "correctSpriteName": "Shapes_17"
}