{
  "cluePoints": [
    {
      "x": 0,
      "y": 1,
      "magnitude": 1.0,
      "sqrMagnitude": 1
    },
    {
      "x": 0,
      "y": 2,
      "magnitude": 2.0,
      "sqrMagnitude": 4
    },
    {
      "x": 1,
      "y": 3,
      "magnitude": 3.1622777,
      "sqrMagnitude": 10
    },
    {
      "x": 2,
      "y": 1,
      "magnitude": 2.236068,
      "sqrMagnitude": 5
    },
    {
      "x": 3,
      "y": 2,
      "magnitude": 3.60555124,
      "sqrMagnitude": 13
    },
    {
      "x": 3,
      "y": 3,
      "magnitude": 4.2426405,
      "sqrMagnitude": 18
    }
  ],
  "clueSprites": [
    "Shapes_16",
    "Shapes_17",
    "Shapes_17",
    "Shapes_18",
    "Shapes_16",
    "Shapes_15"
  ],
  "questionMarkPoint": {
    "x": 3,
    "y": 1,
    "magnitude": 3.1622777,
    "sqrMagnitude": 10
  },
  "correctSpriteName": "Shapes_17"
}