{
  "cluePoints": [
    {
      "x": 0,
      "y": 3,
      "magnitude": 3.0,
      "sqrMagnitude": 9
    },
    {
      "x": 1,
      "y": 0,
      "magnitude": 1.0,
      "sqrMagnitude": 1
    },
    {
      "x": 2,
      "y": 2,
      "magnitude": 2.828427,
      "sqrMagnitude": 8
    },
    {
      "x": 2,
      "y": 3,
      "magnitude": 3.60555124,
      "sqrMagnitude": 13
    },
    {
      "x": 3,
      "y": 0,
      "magnitude": 3.0,
      "sqrMagnitude": 9
    },
    {
      "x": 3,
      "y": 2,
      "magnitude": 3.60555124,
      "sqrMagnitude": 13
    }
  ],
  "clueSprites": [
    "Shapes_18",
    "Shapes_16",
    "Shapes_15",
    "Shapes_16",
    "Shapes_18",
    "Shapes_16"
  ],
  "questionMarkPoint": {
    "x": 0,
    "y": 2,
    "magnitude": 2.0,
    "sqrMagnitude": 4
  },
  "correctSpriteName": "Shapes_17"
}