{
  "cluePoints": [
    {
      "x": 0,
      "y": 2,
      "magnitude": 2.0,
      "sqrMagnitude": 4
    },
    {
      "x": 1,
      "y": 0,
      "magnitude": 1.0,
      "sqrMagnitude": 1
    },
    {
      "x": 2,
      "y": 1,
      "magnitude": 2.236068,
      "sqrMagnitude": 5
    },
    {
      "x": 2,
      "y": 2,
      "magnitude": 2.828427,
      "sqrMagnitude": 8
    },
    {
      "x": 2,
      "y": 4,
      "magnitude": 4.472136,
      "sqrMagnitude": 20
    },
    {
      "x": 4,
      "y": 0,
      "magnitude": 4.0,
      "sqrMagnitude": 16
    },
    {
      "x": 4,
      "y": 2,
      "magnitude": 4.472136,
      "sqrMagnitude": 20
    },
    {
      "x": 4,
      "y": 3,
      "magnitude": 5.0,
      "sqrMagnitude": 25
    }
  ],
  "clueSprites": [
    "Shapes_17",
    "Shapes_16",
    "Shapes_18",
    "Shapes_19",
    "Shapes_15",
    "Shapes_19",
    "Shapes_16",
    "Shapes_15"
  ],
  "questionMarkPoint": {
    "x": 2,
    "y": 0,
    "magnitude": 2.0,
    "sqrMagnitude": 4
  },
  "correctSpriteName": "Shapes_17"
}