{
  "cluePoints": [
    {
      "x": 0,
      "y": 2,
      "magnitude": 2.0,
      "sqrMagnitude": 4
    },
    {
      "x": 1,
      "y": 0,
      "magnitude": 1.0,
      "sqrMagnitude": 1
    },
    {
      "x": 1,
      "y": 1,
      "magnitude": 1.41421354,
      "sqrMagnitude": 2
    },
    {
      "x": 2,
      "y": 0,
      "magnitude": 2.0,
      "sqrMagnitude": 4
    },
    {
      "x": 2,
      "y": 3,
      "magnitude": 3.60555124,
      "sqrMagnitude": 13
    },
    {
      "x": 3,
      "y": 3,
      "magnitude": 4.2426405,
      "sqrMagnitude": 18
    }
  ],
  "clueSprites": [
    "Shapes_17",
    "Shapes_16",
    "Shapes_15",
    "Shapes_17",
    "Shapes_16",
    "Shapes_15"
  ],
  "questionMarkPoint": {
    "x": 0,
    "y": 3,
    "magnitude": 3.0,
    "sqrMagnitude": 9
  },
  "correctSpriteName": "Shapes_18"
}