{
  "cluePoints": [
    {
      "x": 0,
      "y": 0,
      "magnitude": 0.0,
      "sqrMagnitude": 0
    },
    {
      "x": 0,
      "y": 3,
      "magnitude": 3.0,
      "sqrMagnitude": 9
    },
    {
      "x": 1,
      "y": 0,
      "magnitude": 1.0,
      "sqrMagnitude": 1
    },
    {
      "x": 2,
      "y": 0,
      "magnitude": 2.0,
      "sqrMagnitude": 4
    },
    {
      "x": 2,
      "y": 2,
      "magnitude": 2.828427,
      "sqrMagnitude": 8
    },
    {
      "x": 3,
      "y": 3,
      "magnitude": 4.2426405,
      "sqrMagnitude": 18
    }
  ],
  "questionMarkPoint": {
    "x": 2,
    "y": 1,
    "magnitude": 2.236068,
    "sqrMagnitude": 5
  },
  "correctSpriteName": "Shapes_11"
}