{
  "cluePoints": [
    {
      "x": 0,
      "y": 1,
      "magnitude": 1.0,
      "sqrMagnitude": 1
    },
    {
      "x": 0,
      "y": 3,
      "magnitude": 3.0,
      "sqrMagnitude": 9
    },
    {
      "x": 1,
      "y": 0,
      "magnitude": 1.0,
      "sqrMagnitude": 1
    },
    {
      "x": 1,
      "y": 1,
      "magnitude": 1.41421354,
      "sqrMagnitude": 2
    },
    {
      "x": 2,
      "y": 3,
      "magnitude": 3.60555124,
      "sqrMagnitude": 13
    },
    {
      "x": 3,
      "y": 0,
      "magnitude": 3.0,
      "sqrMagnitude": 9
    }
  ],
  "clueSprites": [
    "Shapes_16",
    "Shapes_18",
    "Shapes_16",
    "Shapes_15",
    "Shapes_16",
    "Shapes_18"
  ],
  "questionMarkPoint": {
    "x": 3,
    "y": 3,
    "magnitude": 4.2426405,
    "sqrMagnitude": 18
  },
  "correctSpriteName": "Shapes_15"
}