{
  "cluePoints": [
    { "x": 0, "y": 1, "magnitude": 1.0, "sqrMagnitude": 1 },
    { "x": 0, "y": 2, "magnitude": 3.0, "sqrMagnitude": 9 },
    { "x": 0, "y": 4, "magnitude": 3.0, "sqrMagnitude": 9 },
    { "x": 1, "y": 3, "magnitude": 3.0, "sqrMagnitude": 9 },
    { "x": 2, "y": 0, "magnitude": 1.0, "sqrMagnitude": 1 },
    { "x": 2, "y": 3, "magnitude": 3.0, "sqrMagnitude": 9 },
    { "x": 3, "y": 4, "magnitude": 3.0, "sqrMagnitude": 9 },
    { "x": 4, "y": 0, "magnitude": 1.0, "sqrMagnitude": 1 },
    { "x": 4, "y": 1, "magnitude": 1.0, "sqrMagnitude": 1 }
  ],
  "clueSprites": [
    "Shapes_18", "Shapes_19", "Shapes_16", "Shapes_16",
    "Shapes_17", "Shapes_16", "Shapes_15", "Shapes_18", "Shapes_15"
  ],
  "questionMarkPoint": {
    "x": 1, "y": 3,
    "magnitude": 3.0,
    "sqrMagnitude": 9
  },
  "correctSpriteName": "Shapes_15"
}
