{
  "cluePoints": [
    {
      "x": 0,
      "y": 1,
      "magnitude": 1.0,
      "sqrMagnitude": 1
    },
    {
      "x": 0,
      "y": 2,
      "magnitude": 2.0,
      "sqrMagnitude": 4
    },
    {
      "x": 0,
      "y": 3,
      "magnitude": 3.0,
      "sqrMagnitude": 9
    },
    {
      "x": 1,
      "y": 1,
      "magnitude": 1.41421354,
      "sqrMagnitude": 2
    },
    {
      "x": 1,
      "y": 2,
      "magnitude": 2.236068,
      "sqrMagnitude": 5
    },
    {
      "x": 1,
      "y": 4,
      "magnitude": 4.12310553,
      "sqrMagnitude": 17
    },
    {
      "x": 2,
      "y": 4,
      "magnitude": 4.472136,
      "sqrMagnitude": 20
    },
    {
      "x": 4,
      "y": 2,
      "magnitude": 4.472136,
      "sqrMagnitude": 20
    },
    {
      "x": 4,
      "y": 3,
      "magnitude": 5.0,
      "sqrMagnitude": 25
    }
  ],
  "clueSprites": [
    "Shapes_16",
    "Shapes_17",
    "Shapes_18",
    "Shapes_15",
    "Shapes_18",
    "Shapes_17",
    "Shapes_15",
    "Shapes_16",
    "Shapes_15"
  ],
  "questionMarkPoint": {
    "x": 0,
    "y": 0,
    "magnitude": 0.0,
    "sqrMagnitude": 0
  },
  "correctSpriteName": "Shapes_15"
}