{
  "cluePoints": [
    {
      "x": 0,
      "y": 2,
      "magnitude": 2.0,
      "sqrMagnitude": 4
    },
    {
      "x": 0,
      "y": 3,
      "magnitude": 3.0,
      "sqrMagnitude": 9
    },
    {
      "x": 1,
      "y": 2,
      "magnitude": 2.236068,
      "sqrMagnitude": 5
    },
    {
      "x": 1,
      "y": 3,
      "magnitude": 3.1622777,
      "sqrMagnitude": 10
    },
    {
      "x": 2,
      "y": 0,
      "magnitude": 2.0,
      "sqrMagnitude": 4
    },
    {
      "x": 2,
      "y": 4,
      "magnitude": 4.472136,
      "sqrMagnitude": 20
    },
    {
      "x": 3,
      "y": 0,
      "magnitude": 3.0,
      "sqrMagnitude": 9
    },
    {
      "x": 3,
      "y": 2,
      "magnitude": 3.60555124,
      "sqrMagnitude": 13
    },
    {
      "x": 4,
      "y": 3,
      "magnitude": 5.0,
      "sqrMagnitude": 25
    }
  ],
  "clueSprites": [
    "Shapes_17",
    "Shapes_18",
    "Shapes_18",
    "Shapes_19",
    "Shapes_17",
    "Shapes_15",
    "Shapes_18",
    "Shapes_15",
    "Shapes_15"
  ],
  "questionMarkPoint": {
    "x": 2,
    "y": 1,
    "magnitude": 2.236068,
    "sqrMagnitude": 5
  },
  "correctSpriteName": "Shapes_18"
}